{"pos":{"x":120.01238250732422,"y":1.571946382522583,"z":0.0}}