{"pos":{"x":-2.4448342323303224,"y":23.340002059936525,"z":0.0}}